"Id";"Designator";"Package";"Quantity";"Designation";"Supplier and ref";
1;"Bat1";"TLH-2450";1;"TLH-2450/P";;;
2;"D2";"SOD-123";1;"D";;;
3;"U7";"BD9E100FJ-LBGE2";1;"BD9E100FJ-LBGE2";;;
4;"P1";"mstba_2,5%2f2-g-5,08";1;"Battery";;;
5;"P2";"mstba_2,5%2f3-g-5,08";1;"AIN1";;;
6;"P3";"mstba_2,5%2f3-g-5,08";1;"AIN2";;;
7;"P6";"Pin_Header_Straight_1x08";1;"DragonFire";;;
8;"P7";"mstba_2,5%2f4-g-5,08";1;"4WmvTrans";;;
9;"P10";"mstba_2,5%2f3-g-5,08";1;"RS485";;;
10;"P11";"mstba_2,5%2f3-g-5,08";1;"RS232";;;
11;"P12";"mstba_2,5%2f2-g-5,08";1;"D1In";;;
12;"P13";"mstba_2,5%2f2-g-5,08";1;"D2In";;;
13;"C1,C10,C11,C14,C22";"C_0603_HandSoldering";5;"C";;;
14;"C2,C4,C5,C6,C8,C9,C12,C15,C16,C20,C21,C24,C25,C27,C29,C30,C32,C37,C38,C40,C41,C42,C43,C39,C44,C45,C46";"C_0603_HandSoldering";27;".1uF";;;
15;"C3,C23";"C_0603_HandSoldering";2;"1uF";;;
16;"C7,C13,C31";"C_0603_HandSoldering";3;".01uF";;;
17;"C18";"C_0603_HandSoldering";1;"4.7uF";;;
18;"C19";"C_0603_HandSoldering";1;".1uF x7r";;;
19;"C26,C28";"C_0603_HandSoldering";2;"22uF";;;
20;"C33";"C_0603_HandSoldering";1;".047uF";;;
21;"C34,C35,C36";"C_0603_HandSoldering";3;".33uF";;;
22;"D1";"SOD-123";1;"1N4148W";;;
23;"F1";"MF-R025-0-99";1;"60V 500mA";;;
24;"P4,P5";"Pin_Header_Straight_1x02";2;"4-20mA";;;
25;"Q1";"SOT-23_Handsoldering";1;"MMBT3906";;;
26;"Q2,Q3";"SOT-23_Handsoldering";2;"MMBT3904";;;
27;"R1,R7,R8";"R_0603_HandSoldering";3;"85k";;;
28;"R2,R9,R11";"R_0603_HandSoldering";3;"288k";;;
29;"R3,R10,R12";"R_0603_HandSoldering";3;"10k";;;
30;"R4,R5";"R_0603_HandSoldering";2;"250";;;
31;"R6,R15,R16,R21,R36,R39,R41,R42,R44,R52,R53,R54,R55,R56,R57,R58,R59,R60,R61,R62,R63,R64,R65,R66,R67,R68,R69,R70,R71,R72,R73,R74,R75,R76,R77,R78,R79,R80,R81,R82,R83,R84,R85,R86,R87,R88,R89,R90,R91,R92,R93";"R_0603_HandSoldering";51;"1k";;;
32;"R13";"R_0603_HandSoldering";1;"12";;;
33;"R14,R17";"R_0603_HandSoldering";2;"1M";;;
34;"R18,R22,R23,R37,R38,R40";"R_0603_HandSoldering";6;"1K";;;
35;"R19";"R_0603_HandSoldering";1;"294K 1%";;;
36;"R20";"R_0603_HandSoldering";1;"168K 1%";;;
37;"R24,R26,R28,R29,R30,R43";"R_0603_HandSoldering";6;"10K";;;
38;"R25,R27";"R_0603_HandSoldering";2;"300K";;;
39;"R31,R32";"R_0603_HandSoldering";2;"290K";;;
40;"R33,R34,R35";"R_0603_HandSoldering";3;"R";;;
41;"R45";"R_0603_HandSoldering";1;"120";;;
42;"R46,R47,R48,R49";"R_0603_HandSoldering";4;"100k";;;
43;"U3";"LM50CIM3X_NOPBCT-ND";1;"LM50CIM3X/NOPB";;;
44;"U10";"INA333AIDGKR";1;"INA333";;;
45;"U11";"SOT-23-5";1;"STMPS2141STR";;;
46;"R94,R95,R96";"R_0603_HandSoldering";3;"R_Small";;;
47;"U8";"LQFP64";1;"STM32F411RCT6";;;
48;"X1";"XRCGB24M000F3A00R0";1;"XRCGB24M000F3A00R0";;;
49;"U5,U1";"MCP6032-E";2;"MCP6032-E/SN";;;
50;"U9";"23LC1024-ISN-ND";1;"23LC1024-I/SN";;;
51;"U12";"W25Q64FVSSIG-ND";1;"W25Q64FVSSIG-ND";;;
52;"U4";"SOT-23-5";1;"LT1761-BYP";;;
53;"L1";"NR8040T6R8N";1;"6.8uH";;;
54;"U14";"MAX3221ECPWR";1;"MAX3221E";;;
55;"U2";"LMP2022MAX";1;"LMP2022MAX/NOPB";;;
56;"U13";"ST485EBDR";1;"ST485EBDR";;;
57;"Q4";"SOT-23";1;"BSS84";;;
58;"P8";"Pin_Header_Straight_2x10";1;"CONN_02X10";;;
59;"P9";"1050570001";1;"1050570001";;;
60;"C17";"C_Axial_D13_L27.5_P35.5";1;"1000uF 35V";;;
