"Source:","C:/Users/lowre/OneDrive/Centry/DataVault/DataVault/DataVault/DataVault.sch"
"Date:","9/8/2019 8:55:06 AM"
"Tool:","Eeschema 4.0.7"
"Generator:","C:/Program Files/KiCad/bin/scripting/plugins/bom_csv_grouped_by_value.py"
"Component Count:","205"

"Individual Components:"

"Item","Qty","Reference(s)","Value","LibPart","Footprint","Datasheet","MFG PN","MFG-PN","NO PLACE","NO__PLACE","VND PN","VND-PN","price","price-qty"
"","","Bat1","Battery_Cell","device:Battery_Cell","Battery_Holders:Keystone_3009_1x2450-CoinCell","","","3009","","","","36-3009-ND","",""
"","","C2",".1uF","device:C_Small","Capacitors_SMD:C_0603_HandSoldering","","","","","","","","",""
"","","C3","1uF","device:C","Capacitors_SMD:C_0603_HandSoldering","","","","","","","","",""
"","","C4",".1uF","device:C_Small","Capacitors_SMD:C_0603_HandSoldering","","","C0603C104K8RACTU ","","","","399-1095-1-ND","0.1",""
"","","C5",".1uF","device:C_Small","Capacitors_SMD:C_0603_HandSoldering","","","","","","","","",""
"","","C6",".1uF","device:C_Small","Capacitors_SMD:C_0603_HandSoldering","","","","","","","","",""
"","","C7",".01uF","device:C","Capacitors_SMD:C_0603_HandSoldering","","","CL10B103KO8NNNC","NP","","","1276-1926-1-ND","0.10",""
"","","C8",".01uF","device:C","Capacitors_SMD:C_0603_HandSoldering","","","","","","","","",""
"","","C9",".01uF","device:C","Capacitors_SMD:C_0603_HandSoldering","","","","","","","","",""
"","","C10","2pF","device:C","Capacitors_SMD:C_0603_HandSoldering","","","","","","","","",""
"","","C12",".01uF","device:C","Capacitors_SMD:C_0603_HandSoldering","","","","","","","","",""
"","","C13",".01uF","device:C","Capacitors_SMD:C_0603_HandSoldering","","","","","","","","",""
"","","C14",".1uF","device:C_Small","Capacitors_SMD:C_0603_HandSoldering","","","","","","","","",""
"","","C15",".01uF","device:C","Capacitors_SMD:C_0603_HandSoldering","","","","","","","","",""
"","","C16",".01uF","device:C","Capacitors_SMD:C_0603_HandSoldering","","","","","","","","",""
"","","C17","1000uF 35V","device:CP1","Capacitors_ThroughHole:C_Axial_D13_L27.5_P35.5","","","108TTA035M","","","","1572-1064-ND","1.77",""
"","","C18","10uF","device:C","Capacitors_SMD:C_0805_HandSoldering","","","CC0805MKX7R7BB106 ","","","","311-3508-1-ND ","0.90",""
"","","C19",".1uF","device:C_Small","Capacitors_SMD:C_0603_HandSoldering","","","","","","","","",""
"","","C20",".1uF","device:C_Small","Capacitors_SMD:C_0603_HandSoldering","","","","","","","","",""
"","","C21",".1uF","device:C_Small","Capacitors_SMD:C_0603_HandSoldering","","","","","","","","",""
"","","C22","4700pF","device:C","Capacitors_SMD:C_0603_HandSoldering","","","C0603C472K4RACTU ","","","","399-9091-1-ND","0.10",""
"","","C23","1uF","device:C","Capacitors_SMD:C_0603_HandSoldering","","","C0603C105K4RACTU ","","","","399-7847-1-ND","0.10",""
"","","C24",".1uF","device:C_Small","Capacitors_SMD:C_0603_HandSoldering","","","","","","","","",""
"","","C25",".01uF","device:C","Capacitors_SMD:C_0603_HandSoldering","","","","","","","","",""
"","","C26","22uF","device:C","Capacitors_SMD:C_1210_HandSoldering","","","","","","","","",""
"","","C27",".01uF","device:C","Capacitors_SMD:C_0603_HandSoldering","","","","","","","","",""
"","","C28","22uF","device:C","Capacitors_SMD:C_1210_HandSoldering","","","C3225X7R1C226M250AC","","","","445-3955-1-ND","0.70",""
"","","C29",".1uF","device:C_Small","Capacitors_SMD:C_0603_HandSoldering","","","","","","","","",""
"","","C30",".1uF","device:C_Small","Capacitors_SMD:C_0603_HandSoldering","","","","","","","","",""
"","","C31",".01uF","device:C","Capacitors_SMD:C_0603_HandSoldering","","","","","","","","",""
"","","C32",".1uF","device:C_Small","Capacitors_SMD:C_0603_HandSoldering","","","","","","","","",""
"","","C33",".1uF","device:C_Small","Capacitors_SMD:C_0603_HandSoldering","","","","","","","","",""
"","","C34",".1uF","device:C_Small","Capacitors_SMD:C_0603_HandSoldering","","","","","","","","",""
"","","C35",".1uF","device:C_Small","Capacitors_SMD:C_0603_HandSoldering","","","","","","","","",""
"","","C36",".1uF","device:C_Small","Capacitors_SMD:C_0603_HandSoldering","","","","","","","","",""
"","","C37",".1uF","device:C_Small","Capacitors_SMD:C_0603_HandSoldering","","","","","","","","",""
"","","C38",".1uF","device:C_Small","Capacitors_SMD:C_0603_HandSoldering","","","","","","","","",""
"","","C39",".1uF","device:C_Small","Capacitors_SMD:C_0603_HandSoldering","","","","","","","","",""
"","","C40",".1uF","device:C_Small","Capacitors_SMD:C_0603_HandSoldering","","","","","","","","",""
"","","C41",".1uF","device:C_Small","Capacitors_SMD:C_0603_HandSoldering","","","","","","","","",""
"","","C42",".1uF","device:C_Small","Capacitors_SMD:C_0603_HandSoldering","","","","","","","","",""
"","","C43",".1uF","device:C_Small","Capacitors_SMD:C_0603_HandSoldering","","","","","","","","",""
"","","C44","1uF","device:C","Capacitors_SMD:C_0603_HandSoldering","","","","","","","","",""
"","","C45",".1uF","device:C_Small","Capacitors_SMD:C_0603_HandSoldering","","","","","","","","",""
"","","C46",".1uF","device:C_Small","Capacitors_SMD:C_0603_HandSoldering","","","","","","","","",""
"","","C47",".01uF","device:C","Capacitors_SMD:C_0603_HandSoldering","","","Value","","","","Value","",""
"","","C48","15pF","device:C","Capacitors_SMD:C_0603_HandSoldering","","","","","","","","",""
"","","C49","15pF","device:C","Capacitors_SMD:C_0603_HandSoldering","","","06035A150FAT2A ","","","","478-10289-1-ND ","0.14",""
"","","C50",".01uF","device:C","Capacitors_SMD:C_0603_HandSoldering","","","","","","","","",""
"","","C51",".01uF","device:C","Capacitors_SMD:C_0603_HandSoldering","","","","","","","","",""
"","","C52","2.2uF","device:C_Small","Capacitors_SMD:C_0603_HandSoldering","","","CL10B225KQ8NNNC ","","","","1276-2018-1-ND","0.16",""
"","","C53","2.2uF","device:C_Small","Capacitors_SMD:C_0603_HandSoldering","","","","","","","","",""
"","","C54","22uF","device:C","Capacitors_SMD:C_1210_HandSoldering","","","","","","","","",""
"","","C55","1uF","device:C","Capacitors_SMD:C_0603_HandSoldering","","","","","","","","",""
"","","C56",".01uF","device:C","Capacitors_SMD:C_0603_HandSoldering","","","","","","","","",""
"","","C57",".01uF","device:C","Capacitors_SMD:C_0603_HandSoldering","","","","","","","","",""
"","","C58","2.7nF","device:C","Capacitors_SMD:C_0603_HandSoldering","","","C0603C272K4RAC7867 ","","","","399-14511-1-ND ","0.29",""
"","","C59","2.7nF","device:C","Capacitors_SMD:C_0603_HandSoldering","","","","","","","","",""
"","","C60","2.7nF","device:C","Capacitors_SMD:C_0603_HandSoldering","","","","","","","","",""
"","","C61","2.7nF","device:C","Capacitors_SMD:C_0603_HandSoldering","","","","","","","","",""
"","","C62","2.7nF","device:C","Capacitors_SMD:C_0603_HandSoldering","","","","","","","","",""
"","","C63","2.7nF","device:C","Capacitors_SMD:C_0603_HandSoldering","","","","","","","","",""
"","","C64","2.7nF","device:C","Capacitors_SMD:C_0603_HandSoldering","","","","","","","","",""
"","","C65",".01uF","device:C","Capacitors_SMD:C_0603_HandSoldering","","","","","","","","",""
"","","C66",".01uF","device:C","Capacitors_SMD:C_0603_HandSoldering","","","CL10B103KO8NNNC","","","","1276-1926-1-ND","0.10",""
"","","C67",".01uF","device:C","Capacitors_SMD:C_0603_HandSoldering","","","","","","","","",""
"","","C68",".01uF","device:C","Capacitors_SMD:C_0603_HandSoldering","","","","","","","","",""
"","","C69",".01uF","device:C","Capacitors_SMD:C_0603_HandSoldering","","","","","","","","",""
"","","C70",".01uF","device:C","Capacitors_SMD:C_0603_HandSoldering","","","","","","","","",""
"","","C71",".01uF","device:C","Capacitors_SMD:C_0603_HandSoldering","","","","","","","","",""
"","","C72",".01uF","device:C","Capacitors_SMD:C_0603_HandSoldering","","","","","","","","",""
"","","D1","1N4148W","DataVault-cache:1N4148W-FDICT-ND","Diodes_SMD:SOD-123","","","1N4148W-FDICT-ND","","","","1N4148W-FDICT-ND","0.18",""
"","","D2","Schottky","device:D","Diodes_SMD:SOD-123","","","STPS0530Z ","","","","497-16204-1-ND ","0.45",""
"","","D3","Led_x2_SM1210BC-SR/HG","DataVault-cache:Led_x2_LNJ167W8RRA","myfootprints:SM1210BC-SR_HG","","","SM1210BC-SR/HG ","","","","492-1245-1-ND ","0.65",""
"","","F1","72V 500mA","DataVault-cache:F_Small","myfootprints:MF-R025-0-99","","","RXEF025","","","","RXEF025HF-ND ","0.57",""
"","","L1","6.8uH","DataVault-cache:INDUCTOR","myfootprints:NR8040T6R8N","","","NR8040T6R8N","","","","587-2000-1-ND","0.60",""
"","","L2","600 Ferrite NP","DataVault-cache:INDUCTOR_SMALL","Inductors_SMD:L_0603_HandSoldering","","","BK1608HS601-T","","","","587-1874-1-ND ","0.10",""
"","","MH1","Conn_01x01","conn:Conn_01x01","myfootprints:Mount_Hole_LP61","","","","","","","","",""
"","","MH2","Conn_01x01","conn:Conn_01x01","myfootprints:Mount_Hole_LP61","","","","","","","","",""
"","","MH3","Conn_01x01","conn:Conn_01x01","myfootprints:Mount_Hole_LP61","","","","","","","","",""
"","","MH4","Conn_01x01","conn:Conn_01x01","myfootprints:Mount_Hole_LP61","","","","","","","","",""
"","","P1","+Batt-","DataVault-cache:CONN_01X02","w_conn_screw:mstba_2,5%2f2-g-5,08","","","1755736","","","","277-1150-ND","0.59",""
"","","P2","AIN1","DataVault-cache:CONN_01X03","w_conn_screw:mstba_2,5%2f3-g-5,08","","","1755749","","","","277-1151-ND","0.94",""
"","","P3","AIN2","DataVault-cache:CONN_01X03","w_conn_screw:mstba_2,5%2f3-g-5,08","","","1755749","","","","277-1151-ND","",""
"","","P4","4-20mA","DataVault-cache:CONN_01X02","Pin_Headers:Pin_Header_Straight_1x02","","","PEC02SAAN","","","","Value","0.35",""
"","","P5","4-20mA","DataVault-cache:CONN_01X02","Pin_Headers:Pin_Header_Straight_1x02","","","PEC02SAAN","","","","S1012E-02-ND","",""
"","","P6","DragonFire","DataVault-cache:CONN_01X08","Pin_Headers:Pin_Header_Straight_1x08","","","","","","","","",""
"","","P7","4WmvTrans","DataVault-cache:CONN_01X04","w_conn_screw:mstba_2,5%2f4-g-5,08","","","1755752","","","","277-1152-ND","1.27",""
"","","P8","CONN_02X10","DataVault-cache:CONN_02X10","Pin_Headers:Pin_Header_Straight_2x10","","","67996-420HLF","","","","609-3221-ND","0.68",""
"","","P9","1050570001","DataVault-cache:WM8672-ND","myfootprints:1050570001","","","1050570001","","","","WM8672-ND","1.23",""
"","","P10","RS485","DataVault-cache:CONN_01X03","w_conn_screw:mstba_2,5%2f3-g-5,08","","","1755749","","","","277-1151-ND","0.94",""
"","","P11","RS232","DataVault-cache:CONN_01X03","w_conn_screw:mstba_2,5%2f3-g-5,08","","","1755749","","","","277-1151-ND","",""
"","","P12","D1In","DataVault-cache:CONN_01X02","w_conn_screw:mstba_2,5%2f2-g-5,08","","","1755736","","","","277-1150-ND","0.59",""
"","","P13","D2In","DataVault-cache:CONN_01X02","w_conn_screw:mstba_2,5%2f2-g-5,08","","","1755736","","","","277-1150-ND","",""
"","","P14","RJ45","conn:RJ45","myfootprints:RJ45_Vert_shielded_ftprnt","","","615008138021","","","","732-2740-ND","",""
"","","Q1","MMBT3906","transistors:MMBT3906","TO_SOT_Packages_SMD:SOT-23_Handsoldering","","","MMBT3906LT1G","NP","","","MMBT3906LT1GOSCT-ND","0.12",""
"","","Q2","MMBT3904","transistors:MMBT3904","TO_SOT_Packages_SMD:SOT-23_Handsoldering","","","MMBT3904LT1G","","","","MMBT3904LT1GOSCT-ND","0.12","0.0202"
"","","Q3","MMBT3904","transistors:MMBT3904","TO_SOT_Packages_SMD:SOT-23_Handsoldering","","","MMBT3904LT1G","","","","MMBT3904LT1GOSCT-ND","",""
"","","Q4","BSS84","DataVault-cache:BSS84-RESCUE-DataVault","TO_SOT_Packages_SMD:SOT-23","","","SBSS84LT1G","NP","","","SBSS84LT1GOSCT-ND ","0.30",""
"","","Q5","Q_NPN_BCE","DataVault-rescue:Q_NPN_BCE-RESCUE-DataVault","TO_SOT_Packages_SMD:SOT-23","","","BC817-25LT1G","","","","BC817-25LT1GOSCT-ND","",""
"","","Q6","Q_NPN_BCE","DataVault-rescue:Q_NPN_BCE-RESCUE-DataVault","TO_SOT_Packages_SMD:SOT-23","","","","","","","","",""
"","","R1","84.5k","device:R","Resistors_SMD:R_0603_HandSoldering","","","","","","","","",""
"","","R2","287k","device:R","Resistors_SMD:R_0603_HandSoldering","","","","","","","","",""
"","","R3","10K","device:R","Resistors_SMD:R_0603_HandSoldering","","","","","","","","",""
"","","R4","249","device:R","Resistors_SMD:R_0603_HandSoldering","","RC0603FR-07249RL","","","","311-249HRCT-ND","","",""
"","","R5","249","device:R","Resistors_SMD:R_0603_HandSoldering","","","","","","","","",""
"","","R6","1k","device:R","Resistors_SMD:R_0603_HandSoldering","","","","","","","","",""
"","","R7","84.5k","device:R","Resistors_SMD:R_0603_HandSoldering","","RC0603FR-0784K5L","","","","311-84.5KHRCT-ND","","",""
"","","R8","84.5k","device:R","Resistors_SMD:R_0603_HandSoldering","","","","","","","","",""
"","","R9","287k","device:R","Resistors_SMD:R_0603_HandSoldering","","RMCF0603FT287K","","","","RMCF0603FT287KCT-ND","","",""
"","","R10","10K","device:R","Resistors_SMD:R_0603_HandSoldering","","","","","","","","",""
"","","R11","287k","device:R","Resistors_SMD:R_0603_HandSoldering","","","","","","","","",""
"","","R12","10K","device:R","Resistors_SMD:R_0603_HandSoldering","","","","","","","","",""
"","","R13","12","device:R","Resistors_SMD:R_0603_HandSoldering","","","","MP","","","","",""
"","","R14","1M","device:R","Resistors_SMD:R_0603_HandSoldering","","","","NP","","","","",""
"","","R15","1k","device:R","Resistors_SMD:R_0603_HandSoldering","","","","","","","","",""
"","","R16","1k","device:R","Resistors_SMD:R_0603_HandSoldering","","","","","","","","",""
"","","R17","1M","device:R","Resistors_SMD:R_0603_HandSoldering","","","","NP","","","","",""
"","","R18","1K","device:R","Resistors_SMD:R_0603_HandSoldering","","","","","","","","",""
"","","R19","1K","device:R","Resistors_SMD:R_0603_HandSoldering","","","","","","","","",""
"","","R21","1k","device:R_Small","Resistors_SMD:R_0603_HandSoldering","","","","","","","","",""
"","","R22","1K","device:R","Resistors_SMD:R_0603_HandSoldering","","","","","","","","",""
"","","R23","1K","device:R","Resistors_SMD:R_0603_HandSoldering","","","","","","","","",""
"","","R24","10K","device:R","Resistors_SMD:R_0603_HandSoldering","","","","","","","","",""
"","","R25","300K","device:R","Resistors_SMD:R_0603_HandSoldering","","","","","","","","",""
"","","R26","10K","device:R","Resistors_SMD:R_0603_HandSoldering","","","","","","","","",""
"","","R27","300K","device:R","Resistors_SMD:R_0603_HandSoldering","","","","","","","","",""
"","","R28","10K","device:R","Resistors_SMD:R_0603_HandSoldering","","","","","","","","",""
"","","R29","10K","device:R","Resistors_SMD:R_0603_HandSoldering","","","","","","","","",""
"","","R30","10K","device:R","Resistors_SMD:R_0603_HandSoldering","","","","","","","","",""
"","","R31","294K","device:R","Resistors_SMD:R_0603_HandSoldering","","","","","","","","",""
"","","R32","294K","device:R","Resistors_SMD:R_0603_HandSoldering","","ERA-3AEB2943V ","","","","P294KDBCT-ND","","",""
"","","R33","12K","device:R","Resistors_SMD:R_0603_HandSoldering","","","","","","","","",""
"","","R34","3.0K","device:R","Resistors_SMD:R_0603_HandSoldering","","","","","","","","",""
"","","R35","30K","device:R","Resistors_SMD:R_0603_HandSoldering","","","","","","","","",""
"","","R36","3.3K","device:R_Small","Resistors_SMD:R_0603_HandSoldering","","","","","","","","",""
"","","R37","1K","device:R","Resistors_SMD:R_0603_HandSoldering","","","","","","","","",""
"","","R38","1K","device:R","Resistors_SMD:R_0603_HandSoldering","","","","","","","","",""
"","","R39","10k","device:R_Small","Resistors_SMD:R_0603_HandSoldering","","","","","","","","",""
"","","R40","1K","device:R","Resistors_SMD:R_0603_HandSoldering","","","","","","","","",""
"","","R41","15","device:R_Small","Resistors_SMD:R_0603_HandSoldering","","","","","","","","",""
"","","R42","15","device:R_Small","Resistors_SMD:R_0603_HandSoldering","","","","","","","","",""
"","","R43","10K","device:R","Resistors_SMD:R_0603_HandSoldering","","","","","","","","",""
"","","R44","15","device:R_Small","Resistors_SMD:R_0603_HandSoldering","","","","","","","","",""
"","","R45","120","device:R","Resistors_SMD:R_0603_HandSoldering","","","","","","","","",""
"","","R46","100k","device:R","Resistors_SMD:R_0603_HandSoldering","","","","","","","","",""
"","","R47","100k","device:R","Resistors_SMD:R_0603_HandSoldering","","","","","","","","",""
"","","R48","100k","device:R","Resistors_SMD:R_0603_HandSoldering","","","","","","","","",""
"","","R49","100k","device:R","Resistors_SMD:R_0603_HandSoldering","","","","","","","","",""
"","","R50","68","device:R","Resistors_SMD:R_0603_HandSoldering","","","","","","","","",""
"","","R51","62","device:R","Resistors_SMD:R_0603_HandSoldering","","","","","","","","",""
"","","R52","10k","device:R_Small","Resistors_SMD:R_0603_HandSoldering","","","","","","","","",""
"","","R53","10k","device:R_Small","Resistors_SMD:R_0603_HandSoldering","","","","","","","","",""
"","","R54","10k","device:R_Small","Resistors_SMD:R_0603_HandSoldering","","","","","","","","",""
"","","R55","1k","device:R_Small","Resistors_SMD:R_0603_HandSoldering","","","","","","","","",""
"","","R56","1k","device:R_Small","Resistors_SMD:R_0603_HandSoldering","","","","","","","","",""
"","","R57","1k","device:R_Small","Resistors_SMD:R_0603_HandSoldering","","","","","","","","",""
"","","R58","1k","device:R_Small","Resistors_SMD:R_0603_HandSoldering","","","","","","","","",""
"","","R59","NoPlace","device:R_Small","Resistors_SMD:R_0603_HandSoldering","","","","","","","","",""
"","","R60","1k","device:R_Small","Resistors_SMD:R_0603_HandSoldering","","","","","","","","",""
"","","R61","1k","device:R_Small","Resistors_SMD:R_0603_HandSoldering","","","","","","","","",""
"","","R62","1k","device:R_Small","Resistors_SMD:R_0603_HandSoldering","","","","","","","","",""
"","","R63","10k","device:R_Small","Resistors_SMD:R_0603_HandSoldering","","","","","","","","",""
"","","R64","1k","device:R_Small","Resistors_SMD:R_0603_HandSoldering","","","","","","","","",""
"","","R65","15","device:R_Small","Resistors_SMD:R_0603_HandSoldering","","","","","","","","",""
"","","R66","15","device:R_Small","Resistors_SMD:R_0603_HandSoldering","","","","","","","","",""
"","","R67","22","device:R_Small","Resistors_SMD:R_0603_HandSoldering","","","","","","","","",""
"","","R68","15","device:R_Small","Resistors_SMD:R_0603_HandSoldering","","","","","","","","",""
"","","R69","22","device:R_Small","Resistors_SMD:R_0603_HandSoldering","","","","","","","","",""
"","","R70","15","device:R_Small","Resistors_SMD:R_0603_HandSoldering","","","","","","","","",""
"","","R71","1k","device:R_Small","Resistors_SMD:R_0603_HandSoldering","","","","","","","","",""
"","","R72","1k","device:R_Small","Resistors_SMD:R_0603_HandSoldering","","","","","","","","",""
"","","R73","1k","device:R_Small","Resistors_SMD:R_0603_HandSoldering","","","","","","","","",""
"","","R74","1k","device:R_Small","Resistors_SMD:R_0603_HandSoldering","","","","","","","","",""
"","","R75","1k","device:R_Small","Resistors_SMD:R_0603_HandSoldering","","","","","","","","",""
"","","R76","1k","device:R_Small","Resistors_SMD:R_0603_HandSoldering","","","","","","","","",""
"","","R77","1k","device:R_Small","Resistors_SMD:R_0603_HandSoldering","","","","","","","","",""
"","","R78","0","device:R_Small","Resistors_SMD:R_0603_HandSoldering","","","","","","","","",""
"","","R79","22","device:R_Small","Resistors_SMD:R_0603_HandSoldering","","","","","","","","",""
"","","R80","22","device:R_Small","Resistors_SMD:R_0603_HandSoldering","","","","","","","","",""
"","","R81","22","device:R_Small","Resistors_SMD:R_0603_HandSoldering","","","","","","","","",""
"","","R82","0","device:R_Small","Resistors_SMD:R_0603_HandSoldering","","","","","NP","","","",""
"","","R83","0","device:R","Resistors_SMD:R_0603_HandSoldering","","","","","","","","",""
"","","R84","1k","device:R_Small","Resistors_SMD:R_0603_HandSoldering","","","","","","","","",""
"","","R85","1k","device:R_Small","Resistors_SMD:R_0603_HandSoldering","","","","","","","","",""
"","","R86","1k","device:R_Small","Resistors_SMD:R_0603_HandSoldering","","","","","","","","",""
"","","R93","1k","device:R_Small","Resistors_SMD:R_0603_HandSoldering","","","","","","","","",""
"","","R95","0","device:R_Small","Resistors_SMD:R_0603_HandSoldering","","","","","","","","",""
"","","R96","0","device:R_Small","Resistors_SMD:R_0603_HandSoldering","","","","","","","","",""
"","","SW1","SW_PUSH","DataVault-cache:SW_PUSH","Buttons_Switches_THT:SW_PUSH_6mm_h13mm","","","2-1825910-7","","","","450-1642-ND","",""
"","","U1","MCP6032-E/SN","DataVault-cache:MCP6032-E/SN","myfootprints:MCP6032-E","","","MCP6032-E/SN","","","","MCP6032-E/SN-ND","",""
"","","U2","LMP2022MAX/NOPB","DataVault-cache:LMP2022MAX/NOPB","myfootprints:LMP2022MAX","","","LMP2022MAX/NOPB","","","","296-35342-1-ND","3.68",""
"","","U3","LM60CIM3","DataVault-cache:_LM50CIM3X/NOPBCT-ND","myfootprints:LM50CIM3X_NOPBCT-ND","","","LM50CIM3X/NOPB","","","","LM50CIM3X/NOPBCT-ND","1.44",""
"","","U4","MSP1825-3.3_SOT223","regul:LT1129-3.3_SOT223","TO_SOT_Packages_SMD:SOT-223-3_TabPin2","","","MCP1825ST-3302E/DB","","","","MCP1825ST-3302E/DBCT-ND","",""
"","","U5","MCP6032-E/SN","DataVault-cache:MCP6032-E/SN","TO_SOT_Packages_SMD:SOT-223-3_TabPin2","","","MCP6032-E/SN","","","","MCP6032-E/SN-ND","1.01",""
"","","U7","BD9E100FJ-LBGE2","DataVault-cache:BD9E100FJ-LBGE2","myfootprints:BD9E100FJ-LBGE2","","","BD9E100FJ-LBGE2","","","","BD9E100FJ-LBGE2CT-ND","4.01",""
"","","U8","STM32F411RCT6","DataVault-cache:STM32F411RCT6","myfootprints:LQFP64","","","STM32F411RCT6","","","","497-14908-ND","6.58",""
"","","U9","23LC1024-I/SN","DataVault-cache:23LC1024-I/SN","myfootprints:23LC1024-ISN-ND","","","23LC1024-I/SN","","","","23LC1024-I/SN-ND","2.26",""
"","","U10","INA333","DataVault-cache:INA333","myfootprints:INA333AIDGKR","","","INA333AIDGKR","","","","296-23564-1-ND","4.42",""
"","","U11","STMPS2141STR","DataVault-cache:STMPS2141STR","TO_SOT_Packages_SMD:SOT-23-5","","","STMPS2141STR","","","","497-6933-1-ND","0.61",""
"","","U12","W25Q64FVSSIG-ND","DataVault-cache:W25Q64FVSSIG-ND","myfootprints:W25Q64FVSSIG-ND","","","W25Q64JVSSIQ","","","","W25Q64JVSSIQ-ND","1.36",""
"","","U13","ISL83485IBZ-T","DataVault-cache:ST485EBDR-RESCUE-DataVault-RESCUE-DataVault","myfootprints:ST485EBDR","","","ISL83485IBZ-T","","","","ISL83485IBZ-TCT-ND","1.46",""
"","","U14","MAX3221E","DataVault-cache:MAX3221E","myfootprints:MAX3221ECPWR","","","MAX3221ECPWR","","","","296-19825-1-ND","2.25",""
"","","X1","XRCGB24M000F3A00R0","DataVault-cache:XRCGB24M000F3A00R0","myfootprints:XRCGB24M000F3A00R0","","","ECS-3225MV-240-BN-TR ","","","","XC2876CT-ND ","0.52",""
"","","X2","32.768K","device:Crystal","Crystals:Crystal_SMD_3215-2pin_3.2x1.5mm","","","FX135A-327","","","","631-1002-1-ND ","0.49",""



"Collated Components:"

"Item","Qty","Reference(s)","Value","LibPart","Footprint","Datasheet","MFG PN","MFG-PN","NO PLACE","NO__PLACE","VND PN","VND-PN","price","price-qty"
"1","1","Bat1","Battery_Cell","device:Battery_Cell","Battery_Holders:Keystone_3009_1x2450-CoinCell","","","3009","","","","36-3009-ND","",""
"2","25","C2, C4, C5, C6, C14, C19, C20, C21, C24, C29, C30, C32, C33, C34, C35, C36, C37, C38, C39, C40, C41, C42, C43, C45, C46",".1uF","device:C_Small","Capacitors_SMD:C_0603_HandSoldering","","","C0603C104K8RACTU ","","","","399-1095-1-ND","0.1",""
"3","4","C3, C23, C44, C55","1uF","device:C","Capacitors_SMD:C_0603_HandSoldering","","","C0603C105K4RACTU ","","","","399-7847-1-ND","0.10",""
"4","23","C7, C8, C9, C12, C13, C15, C16, C25, C27, C31, C47, C50, C51, C56, C57, C65, C66, C67, C68, C69, C70, C71, C72",".01uF","device:C","Capacitors_SMD:C_0603_HandSoldering","","","CL10B103KO8NNNC","NP","","","1276-1926-1-ND","0.10",""
"5","1","C10","2pF","device:C","Capacitors_SMD:C_0603_HandSoldering","","","","","","","","",""
"6","1","C17","1000uF 35V","device:CP1","Capacitors_ThroughHole:C_Axial_D13_L27.5_P35.5","","","108TTA035M","","","","1572-1064-ND","1.77",""
"7","1","C18","10uF","device:C","Capacitors_SMD:C_0805_HandSoldering","","","CC0805MKX7R7BB106 ","","","","311-3508-1-ND ","0.90",""
"8","1","C22","4700pF","device:C","Capacitors_SMD:C_0603_HandSoldering","","","C0603C472K4RACTU ","","","","399-9091-1-ND","0.10",""
"9","3","C26, C28, C54","22uF","device:C","Capacitors_SMD:C_1210_HandSoldering","","","C3225X7R1C226M250AC","","","","445-3955-1-ND","0.70",""
"10","2","C48, C49","15pF","device:C","Capacitors_SMD:C_0603_HandSoldering","","","06035A150FAT2A ","","","","478-10289-1-ND ","0.14",""
"11","2","C52, C53","2.2uF","device:C_Small","Capacitors_SMD:C_0603_HandSoldering","","","CL10B225KQ8NNNC ","","","","1276-2018-1-ND","0.16",""
"12","7","C58, C59, C60, C61, C62, C63, C64","2.7nF","device:C","Capacitors_SMD:C_0603_HandSoldering","","","C0603C272K4RAC7867 ","","","","399-14511-1-ND ","0.29",""
"13","1","D1","1N4148W","DataVault-cache:1N4148W-FDICT-ND","Diodes_SMD:SOD-123","","","1N4148W-FDICT-ND","","","","1N4148W-FDICT-ND","0.18",""
"14","1","D2","Schottky","device:D","Diodes_SMD:SOD-123","","","STPS0530Z ","","","","497-16204-1-ND ","0.45",""
"15","1","D3","Led_x2_SM1210BC-SR/HG","DataVault-cache:Led_x2_LNJ167W8RRA","myfootprints:SM1210BC-SR_HG","","","SM1210BC-SR/HG ","","","","492-1245-1-ND ","0.65",""
"16","1","F1","72V 500mA","DataVault-cache:F_Small","myfootprints:MF-R025-0-99","","","RXEF025","","","","RXEF025HF-ND ","0.57",""
"17","1","L1","6.8uH","DataVault-cache:INDUCTOR","myfootprints:NR8040T6R8N","","","NR8040T6R8N","","","","587-2000-1-ND","0.60",""
"18","1","L2","600 Ferrite NP","DataVault-cache:INDUCTOR_SMALL","Inductors_SMD:L_0603_HandSoldering","","","BK1608HS601-T","","","","587-1874-1-ND ","0.10",""
"19","4","MH1, MH2, MH3, MH4","Conn_01x01","conn:Conn_01x01","myfootprints:Mount_Hole_LP61","","","","","","","","",""
"20","1","P1","+Batt-","DataVault-cache:CONN_01X02","w_conn_screw:mstba_2,5%2f2-g-5,08","","","1755736","","","","277-1150-ND","0.59",""
"21","1","P2","AIN1","DataVault-cache:CONN_01X03","w_conn_screw:mstba_2,5%2f3-g-5,08","","","1755749","","","","277-1151-ND","0.94",""
"22","1","P3","AIN2","DataVault-cache:CONN_01X03","w_conn_screw:mstba_2,5%2f3-g-5,08","","","1755749","","","","277-1151-ND","",""
"23","2","P4, P5","4-20mA","DataVault-cache:CONN_01X02","Pin_Headers:Pin_Header_Straight_1x02","","","PEC02SAAN","","","","Value","0.35",""
"24","1","P6","DragonFire","DataVault-cache:CONN_01X08","Pin_Headers:Pin_Header_Straight_1x08","","","","","","","","",""
"25","1","P7","4WmvTrans","DataVault-cache:CONN_01X04","w_conn_screw:mstba_2,5%2f4-g-5,08","","","1755752","","","","277-1152-ND","1.27",""
"26","1","P8","CONN_02X10","DataVault-cache:CONN_02X10","Pin_Headers:Pin_Header_Straight_2x10","","","67996-420HLF","","","","609-3221-ND","0.68",""
"27","1","P9","1050570001","DataVault-cache:WM8672-ND","myfootprints:1050570001","","","1050570001","","","","WM8672-ND","1.23",""
"28","1","P10","RS485","DataVault-cache:CONN_01X03","w_conn_screw:mstba_2,5%2f3-g-5,08","","","1755749","","","","277-1151-ND","0.94",""
"29","1","P11","RS232","DataVault-cache:CONN_01X03","w_conn_screw:mstba_2,5%2f3-g-5,08","","","1755749","","","","277-1151-ND","",""
"30","1","P12","D1In","DataVault-cache:CONN_01X02","w_conn_screw:mstba_2,5%2f2-g-5,08","","","1755736","","","","277-1150-ND","0.59",""
"31","1","P13","D2In","DataVault-cache:CONN_01X02","w_conn_screw:mstba_2,5%2f2-g-5,08","","","1755736","","","","277-1150-ND","",""
"32","1","P14","RJ45","conn:RJ45","myfootprints:RJ45_Vert_shielded_ftprnt","","","615008138021","","","","732-2740-ND","",""
"33","1","Q1","MMBT3906","transistors:MMBT3906","TO_SOT_Packages_SMD:SOT-23_Handsoldering","","","MMBT3906LT1G","NP","","","MMBT3906LT1GOSCT-ND","0.12",""
"34","2","Q2, Q3","MMBT3904","transistors:MMBT3904","TO_SOT_Packages_SMD:SOT-23_Handsoldering","","","MMBT3904LT1G","","","","MMBT3904LT1GOSCT-ND","0.12","0.0202"
"35","1","Q4","BSS84","DataVault-cache:BSS84-RESCUE-DataVault","TO_SOT_Packages_SMD:SOT-23","","","SBSS84LT1G","NP","","","SBSS84LT1GOSCT-ND ","0.30",""
"36","2","Q5, Q6","Q_NPN_BCE","DataVault-rescue:Q_NPN_BCE-RESCUE-DataVault","TO_SOT_Packages_SMD:SOT-23","","","BC817-25LT1G","","","","BC817-25LT1GOSCT-ND","",""
"37","3","R1, R7, R8","84.5k","device:R","Resistors_SMD:R_0603_HandSoldering","","RC0603FR-0784K5L","","","","311-84.5KHRCT-ND","","",""
"38","3","R2, R9, R11","287k","device:R","Resistors_SMD:R_0603_HandSoldering","","RMCF0603FT287K","","","","RMCF0603FT287KCT-ND","","",""
"39","9","R3, R10, R12, R24, R26, R28, R29, R30, R43","10K","device:R","Resistors_SMD:R_0603_HandSoldering","","","","","","","","",""
"40","2","R4, R5","249","device:R","Resistors_SMD:R_0603_HandSoldering","","RC0603FR-07249RL","","","","311-249HRCT-ND","","",""
"41","3","R6, R15, R16","1k","device:R","Resistors_SMD:R_0603_HandSoldering","","","","","","","","",""
"42","1","R13","12","device:R","Resistors_SMD:R_0603_HandSoldering","","","","MP","","","","",""
"43","2","R14, R17","1M","device:R","Resistors_SMD:R_0603_HandSoldering","","","","NP","","","","",""
"44","7","R18, R19, R22, R23, R37, R38, R40","1K","device:R","Resistors_SMD:R_0603_HandSoldering","","","","","","","","",""
"45","20","R21, R55, R56, R57, R58, R60, R61, R62, R64, R71, R72, R73, R74, R75, R76, R77, R84, R85, R86, R93","1k","device:R_Small","Resistors_SMD:R_0603_HandSoldering","","","","","","","","",""
"46","2","R25, R27","300K","device:R","Resistors_SMD:R_0603_HandSoldering","","","","","","","","",""
"47","2","R31, R32","294K","device:R","Resistors_SMD:R_0603_HandSoldering","","ERA-3AEB2943V ","","","","P294KDBCT-ND","","",""
"48","1","R33","12K","device:R","Resistors_SMD:R_0603_HandSoldering","","","","","","","","",""
"49","1","R34","3.0K","device:R","Resistors_SMD:R_0603_HandSoldering","","","","","","","","",""
"50","1","R35","30K","device:R","Resistors_SMD:R_0603_HandSoldering","","","","","","","","",""
"51","1","R36","3.3K","device:R_Small","Resistors_SMD:R_0603_HandSoldering","","","","","","","","",""
"52","5","R39, R52, R53, R54, R63","10k","device:R_Small","Resistors_SMD:R_0603_HandSoldering","","","","","","","","",""
"53","7","R41, R42, R44, R65, R66, R68, R70","15","device:R_Small","Resistors_SMD:R_0603_HandSoldering","","","","","","","","",""
"54","1","R45","120","device:R","Resistors_SMD:R_0603_HandSoldering","","","","","","","","",""
"55","4","R46, R47, R48, R49","100k","device:R","Resistors_SMD:R_0603_HandSoldering","","","","","","","","",""
"56","1","R50","68","device:R","Resistors_SMD:R_0603_HandSoldering","","","","","","","","",""
"57","1","R51","62","device:R","Resistors_SMD:R_0603_HandSoldering","","","","","","","","",""
"58","1","R59","NoPlace","device:R_Small","Resistors_SMD:R_0603_HandSoldering","","","","","","","","",""
"59","5","R67, R69, R79, R80, R81","22","device:R_Small","Resistors_SMD:R_0603_HandSoldering","","","","","","","","",""
"60","4","R78, R82, R95, R96","0","device:R_Small","Resistors_SMD:R_0603_HandSoldering","","","","","NP","","","",""
"61","1","R83","0","device:R","Resistors_SMD:R_0603_HandSoldering","","","","","","","","",""
"62","1","SW1","SW_PUSH","DataVault-cache:SW_PUSH","Buttons_Switches_THT:SW_PUSH_6mm_h13mm","","","2-1825910-7","","","","450-1642-ND","",""
"63","1","U1","MCP6032-E/SN","DataVault-cache:MCP6032-E/SN","myfootprints:MCP6032-E","","","MCP6032-E/SN","","","","MCP6032-E/SN-ND","",""
"64","1","U2","LMP2022MAX/NOPB","DataVault-cache:LMP2022MAX/NOPB","myfootprints:LMP2022MAX","","","LMP2022MAX/NOPB","","","","296-35342-1-ND","3.68",""
"65","1","U3","LM60CIM3","DataVault-cache:_LM50CIM3X/NOPBCT-ND","myfootprints:LM50CIM3X_NOPBCT-ND","","","LM50CIM3X/NOPB","","","","LM50CIM3X/NOPBCT-ND","1.44",""
"66","1","U4","MSP1825-3.3_SOT223","regul:LT1129-3.3_SOT223","TO_SOT_Packages_SMD:SOT-223-3_TabPin2","","","MCP1825ST-3302E/DB","","","","MCP1825ST-3302E/DBCT-ND","",""
"67","1","U5","MCP6032-E/SN","DataVault-cache:MCP6032-E/SN","TO_SOT_Packages_SMD:SOT-223-3_TabPin2","","","MCP6032-E/SN","","","","MCP6032-E/SN-ND","1.01",""
"68","1","U7","BD9E100FJ-LBGE2","DataVault-cache:BD9E100FJ-LBGE2","myfootprints:BD9E100FJ-LBGE2","","","BD9E100FJ-LBGE2","","","","BD9E100FJ-LBGE2CT-ND","4.01",""
"69","1","U8","STM32F411RCT6","DataVault-cache:STM32F411RCT6","myfootprints:LQFP64","","","STM32F411RCT6","","","","497-14908-ND","6.58",""
"70","1","U9","23LC1024-I/SN","DataVault-cache:23LC1024-I/SN","myfootprints:23LC1024-ISN-ND","","","23LC1024-I/SN","","","","23LC1024-I/SN-ND","2.26",""
"71","1","U10","INA333","DataVault-cache:INA333","myfootprints:INA333AIDGKR","","","INA333AIDGKR","","","","296-23564-1-ND","4.42",""
"72","1","U11","STMPS2141STR","DataVault-cache:STMPS2141STR","TO_SOT_Packages_SMD:SOT-23-5","","","STMPS2141STR","","","","497-6933-1-ND","0.61",""
"73","1","U12","W25Q64FVSSIG-ND","DataVault-cache:W25Q64FVSSIG-ND","myfootprints:W25Q64FVSSIG-ND","","","W25Q64JVSSIQ","","","","W25Q64JVSSIQ-ND","1.36",""
"74","1","U13","ISL83485IBZ-T","DataVault-cache:ST485EBDR-RESCUE-DataVault-RESCUE-DataVault","myfootprints:ST485EBDR","","","ISL83485IBZ-T","","","","ISL83485IBZ-TCT-ND","1.46",""
"75","1","U14","MAX3221E","DataVault-cache:MAX3221E","myfootprints:MAX3221ECPWR","","","MAX3221ECPWR","","","","296-19825-1-ND","2.25",""
"76","1","X1","XRCGB24M000F3A00R0","DataVault-cache:XRCGB24M000F3A00R0","myfootprints:XRCGB24M000F3A00R0","","","ECS-3225MV-240-BN-TR ","","","","XC2876CT-ND ","0.52",""
"77","1","X2","32.768K","device:Crystal","Crystals:Crystal_SMD_3215-2pin_3.2x1.5mm","","","FX135A-327","","","","631-1002-1-ND ","0.49",""
