"Id";"Designator";"Package";"Quantity";"Designation";"Supplier and ref";
1;"D2";"SOD-123";1;"Schottky";;;
2;"U7";"BD9E100FJ-LBGE2";1;"BD9E100FJ-LBGE2";;;
3;"P1";"mstba_2,5%2f2-g-5,08";1;"+Batt-";;;
4;"P2";"mstba_2,5%2f3-g-5,08";1;"AIN1";;;
5;"P3";"mstba_2,5%2f3-g-5,08";1;"AIN2";;;
6;"P6";"Pin_Header_Straight_1x08";1;"DragonFire";;;
7;"P7";"mstba_2,5%2f4-g-5,08";1;"4WmvTrans";;;
8;"P10";"mstba_2,5%2f3-g-5,08";1;"RS485";;;
9;"P11";"mstba_2,5%2f3-g-5,08";1;"RS232";;;
10;"P12";"mstba_2,5%2f2-g-5,08";1;"D1In";;;
11;"P13";"mstba_2,5%2f2-g-5,08";1;"D2In";;;
12;"C1,C2,C4,C5,C6,C14,C19,C20,C21,C24,C29,C30,C32,C33,C34,C35,C36,C37,C38,C40,C41,C42,C43,C39,C45,C46";"C_0603_HandSoldering";26;".1uF";;;
13;"C3,C23,C44,C55";"C_0603_HandSoldering";4;"1uF";;;
14;"C7,C8,C9,C12,C13,C15,C16,C25,C27,C31,C47,C50,C51,C56,C57,C65,C66,C67,C68,C69,C70,C71,C72";"C_0603_HandSoldering";23;".01uF";;;
15;"C10,C11";"C_0603_HandSoldering";2;"2pF";;;
16;"C22";"C_0603_HandSoldering";1;"4700pF";;;
17;"D1";"SOD-123";1;"1N4148W";;;
18;"F1";"MF-R025-0-99";1;"72V 500mA";;;
19;"P4,P5";"Pin_Header_Straight_1x02";2;"4-20mA";;;
20;"Q1";"SOT-23_Handsoldering";1;"MMBT3906";;;
21;"Q2,Q3";"SOT-23_Handsoldering";2;"MMBT3904";;;
22;"R1,R7,R8";"R_0603_HandSoldering";3;"84.5k";;;
23;"R2,R9,R11";"R_0603_HandSoldering";3;"287k";;;
24;"R3,R10,R12,R24,R26,R28,R29,R30,R43";"R_0603_HandSoldering";9;"10K";;;
25;"R4,R5";"R_0603_HandSoldering";2;"249";;;
26;"R6,R15,R16,R21,R55,R56,R57,R58,R60,R61,R62,R64,R71,R72,R73,R74,R75,R76,R77,R84,R85,R86,R93";"R_0603_HandSoldering";23;"1k";;;
27;"R13";"R_0603_HandSoldering";1;"12";;;
28;"R14,R17";"R_0603_HandSoldering";2;"1M";;;
29;"R18,R22,R23,R37,R38,R40";"R_0603_HandSoldering";6;"1K";;;
30;"R19";"R_0603_HandSoldering";1;"294K 1%";;;
31;"R20";"R_0603_HandSoldering";1;"169K 1%";;;
32;"R25,R27";"R_0603_HandSoldering";2;"300K";;;
33;"R31,R32";"R_0603_HandSoldering";2;"294K";;;
34;"R33";"R_0603_HandSoldering";1;"12K";;;
35;"R34";"R_0603_HandSoldering";1;"3.0K";;;
36;"R35";"R_0603_HandSoldering";1;"30K";;;
37;"R36";"R_0603_HandSoldering";1;"3.3K";;;
38;"R39,R52,R53,R54,R63";"R_0603_HandSoldering";5;"10k";;;
39;"R41,R42,R44,R65,R66,R68,R70";"R_0603_HandSoldering";7;"15";;;
40;"R45";"R_0603_HandSoldering";1;"120";;;
41;"R46,R47,R48,R49";"R_0603_HandSoldering";4;"100k";;;
42;"R59";"R_0603_HandSoldering";1;"NoPlace";;;
43;"R67,R69,R79,R80,R81";"R_0603_HandSoldering";5;"22";;;
44;"U3";"LM50CIM3X_NOPBCT-ND";1;"LM60CIM3";;;
45;"U10";"INA333AIDGKR";1;"INA333";;;
46;"U11";"SOT-23-5";1;"STMPS2141STR";;;
47;"R95,R96,R78,R82";"R_0603_HandSoldering";4;"0";;;
48;"U8";"LQFP64";1;"STM32F411RCT6";;;
49;"X1";"XRCGB24M000F3A00R0";1;"XRCGB24M000F3A00R0";;;
50;"U5,U1";"MCP6032-E";2;"MCP6032-E/SN";;;
51;"U9";"23LC1024-ISN-ND";1;"23LC1024-I/SN";;;
52;"U12";"W25Q64FVSSIG-ND";1;"W25Q64FVSSIG-ND";;;
53;"U4";"SOT-23-5";1;"LT1761-BYP";;;
54;"L1";"NR8040T6R8N";1;"6.8uH";;;
55;"U14";"MAX3221ECPWR";1;"MAX3221E";;;
56;"U2";"LMP2022MAX";1;"LMP2022MAX/NOPB";;;
57;"U13";"ST485EBDR";1;"ISL83485IBZ-T";;;
58;"Q4";"SOT-23";1;"BSS84";;;
59;"P8";"Pin_Header_Straight_2x10";1;"CONN_02X10";;;
60;"P9";"1050570001";1;"1050570001";;;
61;"C17";"C_Axial_D13_L27.5_P35.5";1;"1000uF 35V";;;
62;"C18";"C_0805_HandSoldering";1;"10uF";;;
63;"C26,C28,C54";"C_1210_HandSoldering";3;"22uF";;;
64;"C48,C49";"C_0603_HandSoldering";2;"15pF";;;
65;"C52,C53";"C_0603_HandSoldering";2;"2.2uF";;;
66;"C58,C59,C60,C61,C62,C63,C64";"C_0603_HandSoldering";7;"2.7nF";;;
67;"D3";"SM1210BC-SR_HG";1;"Led_x2_SM1210BC-SR/HG";;;
68;"L2";"L_0603_HandSoldering";1;"600 Ferrite NP";;;
69;"Q5,Q6";"SOT-23";2;"Q_NPN_BCE";;;
70;"R50";"R_0603_HandSoldering";1;"68";;;
71;"R51";"R_0603_HandSoldering";1;"62";;;
72;"X2";"Crystal_SMD_3215-2pin_3.2x1.5mm";1;"32.768K";;;
73;"MH1,MH2,MH3,MH4";"Mount_Hole_LP61";4;"Conn_01x01";;;
74;"P14";"RJ45_Vert_shielded_ftprnt";1;"RJ45";;;
75;"Bat1";"Keystone_3009_1x2450-CoinCell";1;"Battery_Cell";;;
76;"SW1";"SW_PUSH_6mm_h13mm";1;"SW_PUSH";;;
